OrderID,CustomerName,Product,Category,Quantity,UnitPrice,OrderDate,Region,TotalPrice
1001,Diana,Mouse,Electronics,9,168.15,2023-02-25,East,1513.35
1002,Eve,Keyboard,Electronics,9,442.96,2023-12-08,North,3986.64
1003,Charlie,Mouse,Accessories,9,518.22,2023-04-12,West,4663.98
1004,Eve,Mouse,Accessories,7,434.08,2023-07-11,West,3038.56
1005,Eve,Monitor,Electronics,2,554.39,2023-11-06,West,1108.78
1006,Bob,Mouse,Accessories,5,615.38,2023-07-19,West,3076.9
1007,Charlie,Smartphone,Electronics,4,59.43,2023-08-21,North,237.72
1008,Charlie,Mouse,Electronics,8,490.89,2023-08-15,West,3927.12
1009,Charlie,Mouse,Electronics,2,965.32,2023-05-19,South,1930.64
1010,Eve,Mouse,Electronics,6,543.08,2023-12-10,North,3258.48
1011,Diana,Laptop,Accessories,5,693.67,2023-11-01,South,3468.35
1012,Charlie,Smartphone,Electronics,2,346.27,2023-05-29,West,692.54
1013,Frank,Smartphone,Accessories,1,785.29,2023-04-25,East,785.29
1014,Eve,Keyboard,Accessories,8,784.28,2023-03-04,South,6274.24
1015,Bob,Monitor,Accessories,2,545.23,2023-04-14,West,1090.46
1016,Diana,Mouse,Accessories,7,977.21,2023-12-05,South,6840.47
1017,Frank,Tablet,Electronics,9,169.27,2023-12-25,West,1523.43
1018,Frank,Monitor,Accessories,9,66.1,2023-06-05,West,594.9
1019,Bob,Monitor,Electronics,8,781.65,2023-09-30,West,6253.2
1020,Diana,Smartphone,Accessories,9,816.8,2023-01-06,East,7351.2
1021,Eve,Monitor,Accessories,2,164.2,2023-05-27,South,328.4
1022,Alice,Mouse,Electronics,6,302.3,2023-07-03,North,1813.8
1023,Diana,Mouse,Electronics,4,66.67,2023-01-28,North,266.68
1024,Bob,Laptop,Electronics,4,328.64,2023-02-07,North,1314.56
1025,Frank,Mouse,Accessories,5,784.48,2023-04-29,North,3922.4
1026,Eve,Mouse,Accessories,3,542.06,2023-10-20,West,1626.18
1027,Diana,Smartphone,Electronics,1,380.69,2023-09-01,South,380.69
1028,Alice,Mouse,Electronics,8,403.15,2023-03-09,South,3225.2
1029,Alice,Laptop,Electronics,5,51.29,2023-08-02,East,256.45
1030,Charlie,Tablet,Electronics,3,334.81,2023-08-06,South,1004.43
1031,Charlie,Smartphone,Accessories,7,664.14,2023-06-26,South,4648.98
1032,Bob,Tablet,Electronics,7,975.48,2023-10-26,South,6828.36
1033,Diana,Smartphone,Electronics,1,854.71,2023-06-13,East,854.71
1034,Diana,Keyboard,Electronics,9,72.42,2023-02-27,North,651.78
1035,Frank,Monitor,Electronics,2,903.63,2023-09-26,South,1807.26
1036,Frank,Keyboard,Accessories,5,794.04,2023-11-04,East,3970.2
1037,Frank,Mouse,Electronics,5,791.36,2023-02-27,East,3956.8
1038,Charlie,Tablet,Accessories,8,485.1,2023-10-15,West,3880.8
1039,Diana,Mouse,Electronics,8,428.11,2023-04-15,East,3424.88
1040,Diana,Monitor,Electronics,7,337.77,2023-08-16,North,2364.39
1041,Alice,Smartphone,Accessories,7,112.41,2023-09-04,South,786.87
1042,Charlie,Monitor,Electronics,6,266.82,2023-07-07,East,1600.92
1043,Eve,Laptop,Accessories,6,284.27,2023-03-24,North,1705.62
1044,Charlie,Monitor,Accessories,9,509.87,2023-07-05,East,4588.83
1045,Eve,Laptop,Electronics,6,760.07,2023-09-09,East,4560.42
1046,Alice,Monitor,Accessories,2,500.12,2023-12-21,East,1000.24
1047,Bob,Laptop,Accessories,2,104.95,2023-08-26,East,209.9
1048,Diana,Tablet,Accessories,5,959.9,2023-12-26,East,4799.5
1049,Alice,Mouse,Accessories,4,945.59,2023-07-03,North,3782.36
1050,Diana,Mouse,Accessories,2,795.93,2023-10-11,South,1591.86
1051,Frank,Keyboard,Accessories,3,991.76,2023-07-29,South,2975.28
1052,Bob,Mouse,Accessories,7,567.26,2023-10-31,South,3970.82
1053,Bob,Smartphone,Accessories,8,964.63,2023-10-23,South,7717.04
1054,Alice,Monitor,Electronics,6,121.82,2023-04-07,North,730.92
1055,Bob,Keyboard,Electronics,5,397.4,2023-07-27,West,1987.0
1056,Eve,Smartphone,Accessories,1,264.11,2023-05-17,West,264.11
1057,Bob,Smartphone,Electronics,8,236.04,2023-07-03,North,1888.32
1058,Diana,Laptop,Accessories,3,183.76,2023-03-17,North,551.28
1059,Diana,Mouse,Accessories,6,641.29,2023-10-14,East,3847.74
1060,Diana,Tablet,Electronics,3,792.26,2023-05-22,East,2376.78
1061,Diana,Tablet,Accessories,7,599.38,2023-08-25,East,4195.66
1062,Eve,Keyboard,Accessories,7,189.61,2023-01-25,South,1327.27
1063,Charlie,Tablet,Accessories,9,820.57,2023-10-17,East,7385.13
1064,Frank,Monitor,Accessories,5,654.16,2023-03-08,West,3270.8
1065,Alice,Tablet,Electronics,8,418.76,2023-09-07,South,3350.08
1066,Diana,Keyboard,Accessories,8,690.42,2023-04-28,East,5523.36
1067,Bob,Tablet,Accessories,1,296.91,2023-03-14,South,296.91
1068,Diana,Monitor,Accessories,5,377.93,2023-10-09,West,1889.65
1069,Bob,Laptop,Electronics,3,921.61,2023-12-26,East,2764.83
1070,Frank,Keyboard,Accessories,1,325.98,2023-01-10,West,325.98
1071,Frank,Laptop,Electronics,4,496.49,2023-07-30,West,1985.96
1072,Frank,Laptop,Electronics,8,895.63,2023-11-19,West,7165.04
1073,Bob,Laptop,Accessories,3,722.34,2023-06-01,East,2167.02
1074,Diana,Smartphone,Accessories,2,109.09,2023-01-05,North,218.18
1075,Frank,Mouse,Electronics,9,189.94,2023-07-14,East,1709.46
1076,Eve,Smartphone,Accessories,5,57.45,2023-10-10,West,287.25
1077,Bob,Mouse,Electronics,7,649.38,2023-04-23,East,4545.66
1078,Bob,Laptop,Electronics,2,475.29,2023-09-28,West,950.58
1079,Diana,Keyboard,Accessories,9,177.56,2023-06-12,North,1598.04
1080,Bob,Mouse,Accessories,9,960.04,2023-04-15,South,8640.36
1081,Bob,Monitor,Electronics,4,553.18,2023-06-30,North,2212.72
1082,Frank,Monitor,Electronics,4,279.8,2023-02-13,North,1119.2
1083,Diana,Tablet,Electronics,6,525.57,2023-10-09,South,3153.42
1084,Frank,Mouse,Electronics,6,695.64,2023-06-24,East,4173.84
1085,Frank,Keyboard,Accessories,1,122.43,2023-06-11,South,122.43
1086,Diana,Smartphone,Accessories,9,310.97,2023-12-17,East,2798.73
1087,Alice,Laptop,Accessories,2,816.62,2023-12-06,East,1633.24
1088,Frank,Tablet,Accessories,5,486.68,2023-05-20,West,2433.4
1089,Eve,Monitor,Accessories,9,569.25,2023-05-12,West,5123.25
1090,Eve,Smartphone,Electronics,4,461.18,2023-03-28,South,1844.72
1091,Bob,Smartphone,Accessories,3,91.7,2023-06-25,North,275.1
1092,Eve,Laptop,Accessories,7,207.46,2023-07-02,South,1452.22
1093,Bob,Mouse,Accessories,6,473.26,2023-05-09,East,2839.56
1094,Alice,Monitor,Accessories,8,248.73,2023-09-03,West,1989.84
1095,Diana,Keyboard,Accessories,3,97.48,2023-03-30,South,292.44
1096,Diana,Smartphone,Electronics,5,851.47,2023-03-07,South,4257.35
1097,Diana,Laptop,Electronics,4,982.13,2023-06-07,West,3928.52
1098,Eve,Keyboard,Electronics,4,803.49,2023-05-29,West,3213.96
1099,Alice,Mouse,Accessories,4,861.1,2023-12-06,West,3444.4
1100,Eve,Monitor,Electronics,8,279.88,2023-04-26,East,2239.04
1101,Eve,Mouse,Electronics,6,962.6,2023-08-02,West,5775.6
1102,Alice,Smartphone,Accessories,3,237.08,2023-10-21,North,711.24
1103,Alice,Keyboard,Accessories,5,953.86,2023-09-10,South,4769.3
1104,Alice,Keyboard,Accessories,6,995.08,2023-05-23,West,5970.48
1105,Alice,Keyboard,Electronics,5,726.14,2023-09-07,West,3630.7
1106,Diana,Smartphone,Electronics,6,982.09,2023-10-29,East,5892.54
1107,Charlie,Smartphone,Accessories,8,591.06,2023-01-25,East,4728.48
1108,Charlie,Mouse,Accessories,7,296.56,2023-10-04,South,2075.92
1109,Alice,Tablet,Electronics,5,465.15,2023-03-11,North,2325.75
1110,Charlie,Mouse,Electronics,6,613.88,2023-04-23,South,3683.28
1111,Charlie,Monitor,Accessories,4,119.43,2023-12-29,West,477.72
1112,Alice,Laptop,Accessories,9,641.23,2023-04-22,North,5771.07
1113,Charlie,Keyboard,Electronics,4,982.12,2023-12-30,North,3928.48
1114,Eve,Tablet,Accessories,1,230.6,2023-10-30,North,230.6
1115,Bob,Laptop,Electronics,7,802.97,2023-04-01,North,5620.79
1116,Bob,Tablet,Electronics,7,912.5,2023-01-18,South,6387.5
1117,Alice,Mouse,Electronics,4,946.52,2023-05-29,East,3786.08
1118,Diana,Smartphone,Electronics,3,962.13,2023-08-15,East,2886.39
1119,Alice,Keyboard,Accessories,8,545.39,2023-08-02,West,4363.12
1120,Diana,Mouse,Accessories,5,978.44,2023-12-26,East,4892.2
1121,Bob,Laptop,Electronics,7,769.44,2023-05-31,East,5386.08
1122,Alice,Laptop,Electronics,4,203.59,2023-07-11,East,814.36
1123,Frank,Laptop,Electronics,4,503.06,2023-02-09,East,2012.24
1124,Eve,Laptop,Electronics,8,732.41,2023-08-30,West,5859.28
1125,Charlie,Laptop,Electronics,8,284.97,2023-05-18,South,2279.76
1126,Diana,Tablet,Accessories,2,658.58,2023-12-11,North,1317.16
1127,Frank,Mouse,Accessories,2,683.27,2023-06-29,East,1366.54
1128,Charlie,Keyboard,Accessories,3,204.56,2023-07-19,South,613.68
1129,Charlie,Smartphone,Accessories,3,586.83,2023-07-22,East,1760.49
1130,Alice,Smartphone,Electronics,1,783.05,2023-03-02,East,783.05
1131,Charlie,Mouse,Electronics,3,523.95,2023-07-11,North,1571.85
1132,Eve,Mouse,Electronics,6,61.5,2023-01-05,North,369.0
1133,Frank,Smartphone,Electronics,8,58.59,2023-08-25,North,468.72
1134,Charlie,Smartphone,Electronics,6,389.18,2023-06-30,East,2335.08
1135,Alice,Tablet,Accessories,5,929.88,2023-11-07,East,4649.4
1136,Eve,Monitor,Electronics,4,267.24,2023-02-06,East,1068.96
1137,Bob,Keyboard,Accessories,3,652.65,2023-02-25,North,1957.95
1138,Frank,Laptop,Accessories,4,260.97,2023-08-25,West,1043.88
1139,Charlie,Monitor,Accessories,7,355.59,2023-12-24,South,2489.13
1140,Alice,Mouse,Accessories,1,855.64,2023-12-15,West,855.64
1141,Bob,Smartphone,Electronics,7,742.42,2023-07-16,East,5196.94
1142,Bob,Monitor,Accessories,1,140.63,2023-03-14,East,140.63
1143,Diana,Keyboard,Accessories,2,457.27,2023-02-28,West,914.54
1144,Eve,Mouse,Accessories,4,77.71,2023-08-28,East,310.84
1145,Charlie,Laptop,Electronics,1,506.85,2023-01-02,South,506.85
1146,Alice,Laptop,Electronics,9,679.31,2023-12-26,East,6113.79
1147,Diana,Keyboard,Electronics,6,162.58,2023-07-07,South,975.48
1148,Eve,Keyboard,Accessories,1,324.44,2023-11-03,West,324.44
1149,Diana,Smartphone,Accessories,1,427.94,2023-01-30,West,427.94
1150,Frank,Laptop,Electronics,6,923.55,2023-09-24,East,5541.3
1151,Eve,Mouse,Accessories,4,993.59,2023-04-18,South,3974.36
1152,Eve,Monitor,Electronics,4,92.67,2023-11-28,East,370.68
1153,Charlie,Mouse,Electronics,6,772.96,2023-03-31,North,4637.76
1154,Eve,Tablet,Accessories,7,403.14,2023-07-24,North,2821.98
1155,Diana,Tablet,Accessories,9,422.84,2023-08-08,North,3805.56
1156,Eve,Keyboard,Accessories,5,766.55,2023-04-04,North,3832.75
1157,Charlie,Smartphone,Accessories,9,922.51,2023-04-13,East,8302.59
1158,Charlie,Tablet,Electronics,4,953.38,2023-08-11,North,3813.52
1159,Frank,Laptop,Electronics,2,598.27,2023-07-05,South,1196.54
1160,Diana,Mouse,Electronics,3,389.27,2023-07-03,West,1167.81
1161,Bob,Mouse,Electronics,1,798.17,2023-06-11,West,798.17
1162,Bob,Keyboard,Electronics,6,288.45,2023-09-04,North,1730.7
1163,Eve,Monitor,Accessories,6,585.87,2023-01-31,North,3515.22
1164,Frank,Keyboard,Electronics,1,390.65,2023-02-21,North,390.65
1165,Alice,Monitor,Electronics,3,673.8,2023-12-11,East,2021.4
1166,Eve,Keyboard,Electronics,5,278.38,2023-03-17,West,1391.9
1167,Frank,Keyboard,Accessories,3,232.01,2023-10-05,North,696.03
1168,Diana,Keyboard,Accessories,3,922.33,2023-02-09,South,2766.99
1169,Diana,Monitor,Accessories,3,146.71,2023-04-11,North,440.13
1170,Diana,Monitor,Accessories,5,530.66,2023-04-21,West,2653.3
1171,Diana,Keyboard,Electronics,5,259.81,2023-11-17,North,1299.05
1172,Diana,Tablet,Electronics,4,86.98,2023-09-06,West,347.92
1173,Frank,Smartphone,Accessories,1,84.22,2023-07-10,North,84.22
1174,Frank,Smartphone,Accessories,5,216.46,2023-07-01,South,1082.3
1175,Charlie,Smartphone,Electronics,5,873.43,2023-12-01,North,4367.15
1176,Bob,Monitor,Electronics,4,318.35,2023-07-28,South,1273.4
1177,Diana,Monitor,Accessories,6,952.94,2023-01-22,South,5717.64
1178,Alice,Tablet,Accessories,4,602.54,2023-06-15,North,2410.16
1179,Frank,Smartphone,Accessories,7,464.78,2023-04-09,South,3253.46
1180,Alice,Smartphone,Accessories,7,601.08,2023-07-27,East,4207.56
1181,Alice,Keyboard,Electronics,2,540.86,2023-01-08,North,1081.72
1182,Alice,Monitor,Electronics,3,770.84,2023-07-09,North,2312.52
1183,Charlie,Smartphone,Electronics,1,318.37,2023-06-24,South,318.37
1184,Frank,Mouse,Accessories,8,385.4,2023-09-30,South,3083.2
1185,Alice,Tablet,Accessories,9,899.39,2023-01-17,North,8094.51
1186,Diana,Mouse,Electronics,4,949.13,2023-03-31,East,3796.52
1187,Eve,Mouse,Electronics,6,897.93,2023-05-21,South,5387.58
1188,Alice,Tablet,Electronics,9,448.48,2023-05-25,South,4036.32
1189,Charlie,Mouse,Electronics,6,791.35,2023-06-15,West,4748.1
1190,Frank,Smartphone,Accessories,9,502.52,2023-12-03,East,4522.68
1191,Charlie,Monitor,Electronics,4,522.66,2023-03-19,East,2090.64
1192,Alice,Tablet,Electronics,8,244.45,2023-09-19,North,1955.6
1193,Frank,Keyboard,Electronics,9,611.57,2023-06-12,East,5504.13
1194,Eve,Mouse,Electronics,4,226.83,2023-01-14,North,907.32
1195,Alice,Tablet,Electronics,5,364.99,2023-08-27,West,1824.95
1196,Charlie,Laptop,Electronics,8,862.28,2023-03-13,East,6898.24
1197,Bob,Laptop,Electronics,6,246.72,2023-05-23,South,1480.32
1198,Diana,Monitor,Accessories,7,117.6,2023-11-06,West,823.2
1199,Charlie,Smartphone,Accessories,3,115.56,2023-10-10,North,346.68
1200,Frank,Monitor,Accessories,7,943.75,2023-09-26,West,6606.25
1201,Alice,Monitor,Accessories,8,531.57,2023-08-29,North,4252.56
1202,Diana,Monitor,Electronics,6,438.94,2023-09-02,West,2633.64
1203,Alice,Monitor,Accessories,9,820.33,2023-06-12,North,7382.97
1204,Frank,Keyboard,Accessories,6,844.03,2023-03-01,East,5064.18
1205,Alice,Keyboard,Electronics,9,365.58,2023-01-06,South,3290.22
1206,Bob,Tablet,Electronics,4,708.94,2023-07-16,North,2835.76
1207,Diana,Laptop,Accessories,8,782.57,2023-02-27,West,6260.56
1208,Diana,Monitor,Accessories,4,671.92,2023-11-01,North,2687.68
1209,Frank,Tablet,Electronics,2,194.02,2023-08-05,North,388.04
1210,Bob,Laptop,Accessories,9,882.09,2023-01-26,North,7938.81
1211,Charlie,Mouse,Electronics,5,562.14,2023-10-30,West,2810.7
1212,Alice,Smartphone,Electronics,4,318.35,2023-01-05,South,1273.4
1213,Eve,Keyboard,Electronics,2,453.97,2023-01-20,East,907.94
1214,Alice,Mouse,Electronics,1,85.69,2023-07-17,South,85.69
1215,Alice,Laptop,Accessories,7,171.47,2023-02-28,North,1200.29
1216,Charlie,Mouse,Electronics,6,777.27,2023-08-30,West,4663.62
1217,Alice,Smartphone,Electronics,2,50.01,2023-05-26,South,100.02
1218,Bob,Laptop,Accessories,8,445.74,2023-09-30,North,3565.92
1219,Bob,Mouse,Electronics,4,546.38,2023-09-06,East,2185.52
1220,Diana,Keyboard,Accessories,8,101.9,2023-01-14,East,815.2
1221,Frank,Keyboard,Accessories,7,974.42,2023-01-13,East,6820.94
1222,Eve,Tablet,Accessories,5,264.82,2023-02-13,North,1324.1
1223,Alice,Mouse,Electronics,8,338.99,2023-01-19,West,2711.92
1224,Alice,Monitor,Accessories,9,338.75,2023-03-04,South,3048.75
1225,Charlie,Mouse,Accessories,5,268.9,2023-08-27,East,1344.5
1226,Frank,Laptop,Electronics,5,51.4,2023-12-03,North,257.0
1227,Bob,Laptop,Accessories,2,742.88,2023-04-10,North,1485.76
1228,Eve,Mouse,Accessories,5,968.5,2023-06-12,South,4842.5
1229,Diana,Smartphone,Accessories,3,263.08,2023-05-02,East,789.24
1230,Bob,Keyboard,Accessories,7,679.89,2023-02-13,North,4759.23
1231,Frank,Laptop,Accessories,5,754.8,2023-12-26,South,3774.0
1232,Diana,Keyboard,Electronics,8,856.0,2023-11-13,West,6848.0
1233,Charlie,Laptop,Accessories,1,451.5,2023-05-25,West,451.5
1234,Charlie,Tablet,Accessories,3,337.78,2023-11-23,West,1013.34
1235,Alice,Monitor,Electronics,3,359.03,2023-12-29,East,1077.09
1236,Frank,Laptop,Electronics,9,726.99,2023-02-19,South,6542.91
1237,Eve,Keyboard,Electronics,5,825.94,2023-03-06,South,4129.7
1238,Diana,Tablet,Accessories,9,222.53,2023-12-21,North,2002.77
1239,Bob,Laptop,Electronics,9,402.39,2023-10-15,North,3621.51
1240,Frank,Smartphone,Accessories,1,906.84,2023-06-13,North,906.84
1241,Frank,Monitor,Accessories,2,816.36,2023-05-21,South,1632.72
1242,Charlie,Laptop,Electronics,5,985.62,2023-11-10,North,4928.1
1243,Alice,Tablet,Electronics,4,766.54,2023-05-08,South,3066.16
1244,Alice,Smartphone,Accessories,9,423.54,2023-08-27,South,3811.86
1245,Diana,Mouse,Electronics,7,611.11,2023-11-20,West,4277.77
1246,Charlie,Tablet,Accessories,6,677.96,2023-10-23,North,4067.76
1247,Frank,Tablet,Electronics,7,124.53,2023-07-06,West,871.71
1248,Eve,Smartphone,Electronics,1,567.27,2023-07-27,East,567.27
1249,Charlie,Tablet,Electronics,1,723.85,2023-08-08,East,723.85
1250,Diana,Smartphone,Accessories,8,208.96,2023-07-09,East,1671.68
1251,Diana,Laptop,Electronics,2,791.6,2023-12-12,South,1583.2
1252,Charlie,Smartphone,Accessories,9,604.58,2023-10-11,South,5441.22
1253,Diana,Smartphone,Accessories,7,954.61,2023-12-18,South,6682.27
1254,Charlie,Monitor,Accessories,6,90.3,2023-08-25,North,541.8
1255,Bob,Smartphone,Accessories,1,302.06,2023-07-13,West,302.06
1256,Charlie,Smartphone,Electronics,1,621.48,2023-10-14,South,621.48
1257,Charlie,Mouse,Accessories,2,331.73,2023-09-16,West,663.46
1258,Diana,Laptop,Accessories,6,728.7,2023-09-03,West,4372.2
1259,Diana,Monitor,Electronics,6,771.06,2023-05-16,West,4626.36
1260,Alice,Mouse,Accessories,2,147.39,2023-10-07,North,294.78
1261,Alice,Keyboard,Electronics,1,538.16,2023-09-28,North,538.16
1262,Bob,Laptop,Accessories,5,533.45,2023-06-20,East,2667.25
1263,Alice,Laptop,Electronics,5,400.82,2023-06-08,East,2004.1
1264,Charlie,Keyboard,Accessories,2,936.28,2023-07-20,West,1872.56
1265,Diana,Smartphone,Electronics,6,836.13,2023-02-14,East,5016.78
1266,Alice,Mouse,Accessories,9,712.35,2023-09-21,West,6411.15
1267,Alice,Tablet,Accessories,2,728.61,2023-03-12,North,1457.22
1268,Bob,Monitor,Electronics,2,488.63,2023-12-30,North,977.26
1269,Frank,Tablet,Electronics,3,924.94,2023-04-13,North,2774.82
1270,Bob,Keyboard,Electronics,7,709.87,2023-05-05,South,4969.09
1271,Charlie,Laptop,Electronics,6,742.53,2023-11-09,West,4455.18
1272,Diana,Laptop,Accessories,8,868.61,2023-10-13,North,6948.88
1273,Bob,Monitor,Accessories,8,310.37,2023-08-18,West,2482.96
1274,Alice,Laptop,Electronics,6,816.72,2023-05-26,East,4900.32
1275,Diana,Laptop,Accessories,3,235.48,2023-07-16,East,706.44
1276,Diana,Monitor,Electronics,3,378.07,2023-08-09,North,1134.21
1277,Alice,Mouse,Electronics,1,368.83,2023-03-01,West,368.83
1278,Bob,Mouse,Accessories,7,979.6,2023-04-08,North,6857.2
1279,Alice,Monitor,Accessories,5,863.71,2023-06-20,East,4318.55
1280,Frank,Keyboard,Accessories,4,716.11,2023-06-22,North,2864.44
1281,Diana,Laptop,Accessories,4,740.7,2023-05-31,West,2962.8
1282,Eve,Laptop,Accessories,4,583.97,2023-12-16,East,2335.88
1283,Eve,Keyboard,Accessories,6,949.74,2023-05-02,South,5698.44
1284,Charlie,Mouse,Accessories,8,521.45,2023-04-18,East,4171.6
1285,Alice,Smartphone,Electronics,8,411.49,2023-01-04,South,3291.92
1286,Alice,Smartphone,Electronics,5,204.88,2023-04-03,North,1024.4
1287,Charlie,Smartphone,Electronics,6,796.9,2023-01-06,North,4781.4
1288,Charlie,Mouse,Electronics,4,747.72,2023-10-15,West,2990.88
1289,Charlie,Mouse,Electronics,9,415.14,2023-04-16,South,3736.26
1290,Diana,Keyboard,Accessories,8,73.93,2023-05-26,North,591.44
1291,Frank,Laptop,Electronics,1,847.05,2023-09-28,South,847.05
1292,Alice,Keyboard,Electronics,2,60.85,2023-04-06,North,121.7
1293,Diana,Keyboard,Electronics,9,718.51,2023-08-17,East,6466.59
1294,Charlie,Mouse,Electronics,8,971.74,2023-07-21,North,7773.92
1295,Alice,Smartphone,Electronics,3,465.78,2023-07-31,West,1397.34
1296,Diana,Tablet,Electronics,8,273.22,2023-01-06,East,2185.76
1297,Frank,Laptop,Electronics,1,719.63,2023-04-22,West,719.63
1298,Diana,Mouse,Accessories,4,826.27,2023-11-19,East,3305.08
1299,Frank,Smartphone,Accessories,3,569.11,2023-04-16,South,1707.33
1300,Charlie,Tablet,Electronics,6,968.68,2023-05-19,West,5812.08
1301,Frank,Tablet,Accessories,7,99.09,2023-10-26,North,693.63
1302,Alice,Mouse,Accessories,4,529.56,2023-04-06,South,2118.24
1303,Charlie,Monitor,Accessories,7,732.53,2023-12-03,North,5127.71
1304,Alice,Laptop,Accessories,9,869.51,2023-10-24,East,7825.59
1305,Eve,Tablet,Electronics,2,220.29,2023-08-02,East,440.58
1306,Bob,Mouse,Accessories,3,810.0,2023-10-18,North,2430.0
1307,Frank,Mouse,Accessories,5,575.07,2023-01-22,North,2875.35
1308,Bob,Smartphone,Accessories,3,426.73,2023-07-12,South,1280.19
1309,Bob,Monitor,Electronics,8,175.13,2023-05-30,North,1401.04
1310,Frank,Laptop,Electronics,8,872.03,2023-09-04,West,6976.24
1311,Charlie,Keyboard,Electronics,8,199.41,2023-09-24,West,1595.28
1312,Eve,Smartphone,Electronics,9,344.3,2023-09-08,North,3098.7
1313,Alice,Tablet,Electronics,4,325.54,2023-01-03,West,1302.16
1314,Diana,Tablet,Electronics,5,877.84,2023-11-12,North,4389.2
1315,Alice,Smartphone,Electronics,5,689.07,2023-03-17,South,3445.35
1316,Diana,Mouse,Accessories,8,806.85,2023-03-28,West,6454.8
1317,Alice,Tablet,Accessories,7,287.94,2023-09-27,West,2015.58
1318,Frank,Monitor,Accessories,9,643.63,2023-08-13,North,5792.67
1319,Eve,Laptop,Electronics,8,593.16,2023-01-18,West,4745.28
1320,Diana,Monitor,Electronics,2,841.19,2023-04-23,East,1682.38
1321,Charlie,Tablet,Electronics,4,910.78,2023-09-08,South,3643.12
1322,Alice,Keyboard,Electronics,6,61.55,2023-08-21,South,369.3
1323,Alice,Laptop,Electronics,2,690.32,2023-11-25,West,1380.64
1324,Diana,Laptop,Accessories,7,99.24,2023-10-06,West,694.68
1325,Charlie,Smartphone,Accessories,3,571.42,2023-07-21,East,1714.26
1326,Charlie,Smartphone,Electronics,3,323.25,2023-03-24,East,969.75
1327,Frank,Keyboard,Electronics,2,341.44,2023-05-05,West,682.88
1328,Frank,Mouse,Electronics,8,385.31,2023-06-24,West,3082.48
1329,Frank,Laptop,Electronics,6,640.23,2023-03-10,East,3841.38
1330,Frank,Keyboard,Accessories,1,367.35,2023-02-16,North,367.35
1331,Frank,Smartphone,Electronics,1,746.06,2023-09-13,East,746.06
1332,Frank,Smartphone,Electronics,7,434.3,2023-08-03,North,3040.1
1333,Eve,Laptop,Electronics,8,114.94,2023-01-30,South,919.52
1334,Charlie,Monitor,Electronics,5,794.57,2023-10-08,South,3972.85
1335,Frank,Tablet,Accessories,5,321.47,2023-08-25,East,1607.35
1336,Charlie,Smartphone,Electronics,4,461.13,2023-09-05,North,1844.52
1337,Charlie,Mouse,Electronics,6,701.17,2023-01-25,East,4207.02
1338,Bob,Mouse,Accessories,6,365.83,2023-03-15,East,2194.98
1339,Eve,Smartphone,Accessories,3,103.76,2023-07-25,North,311.28
1340,Frank,Monitor,Accessories,9,405.22,2023-11-10,East,3646.98
1341,Alice,Monitor,Electronics,7,947.23,2023-04-04,South,6630.61
1342,Diana,Keyboard,Electronics,1,659.65,2023-05-07,West,659.65
1343,Alice,Mouse,Accessories,7,687.91,2023-01-25,West,4815.37
1344,Eve,Keyboard,Accessories,5,650.67,2023-11-30,East,3253.35
1345,Diana,Mouse,Accessories,5,239.04,2023-12-21,North,1195.2
1346,Eve,Tablet,Accessories,2,447.42,2023-04-26,North,894.84
1347,Charlie,Tablet,Accessories,4,763.39,2023-02-17,South,3053.56
1348,Diana,Laptop,Accessories,6,146.3,2023-08-14,North,877.8
1349,Charlie,Keyboard,Electronics,7,313.96,2023-09-23,North,2197.72
1350,Alice,Smartphone,Electronics,5,312.5,2023-04-09,South,1562.5
1351,Alice,Keyboard,Electronics,9,460.42,2023-01-11,East,4143.78
1352,Diana,Smartphone,Accessories,3,981.35,2023-03-26,West,2944.05
1353,Diana,Monitor,Accessories,1,114.13,2023-08-02,South,114.13
1354,Frank,Keyboard,Accessories,4,542.77,2023-06-22,East,2171.08
1355,Eve,Monitor,Accessories,9,220.4,2023-07-28,South,1983.6
1356,Frank,Tablet,Accessories,4,972.14,2023-03-05,East,3888.56
1357,Eve,Tablet,Accessories,2,157.64,2023-09-15,South,315.28
1358,Frank,Laptop,Electronics,5,433.42,2023-11-28,East,2167.1
1359,Charlie,Keyboard,Electronics,3,750.99,2023-05-01,South,2252.97
1360,Diana,Monitor,Accessories,9,719.33,2023-10-25,East,6473.97
1361,Alice,Smartphone,Electronics,4,451.59,2023-02-23,South,1806.36
1362,Eve,Tablet,Accessories,6,379.2,2023-11-27,West,2275.2
1363,Eve,Tablet,Electronics,2,427.73,2023-09-29,West,855.46
1364,Alice,Smartphone,Accessories,6,301.06,2023-08-29,North,1806.36
1365,Frank,Monitor,Accessories,3,245.07,2023-08-31,East,735.21
1366,Eve,Monitor,Electronics,9,508.89,2023-01-18,South,4580.01
1367,Charlie,Keyboard,Electronics,2,305.11,2023-07-06,East,610.22
1368,Diana,Keyboard,Accessories,9,323.09,2023-12-12,West,2907.81
1369,Alice,Mouse,Accessories,5,673.92,2023-05-24,East,3369.6
1370,Diana,Mouse,Electronics,8,970.11,2023-09-19,South,7760.88
1371,Eve,Laptop,Electronics,2,623.46,2023-12-30,East,1246.92
1372,Eve,Tablet,Accessories,6,123.13,2023-08-27,South,738.78
1373,Alice,Keyboard,Electronics,3,121.8,2023-10-31,West,365.4
1374,Charlie,Monitor,Accessories,5,953.85,2023-10-25,West,4769.25
1375,Bob,Smartphone,Accessories,8,332.43,2023-03-17,West,2659.44
1376,Alice,Monitor,Accessories,1,137.46,2023-07-07,North,137.46
1377,Bob,Tablet,Accessories,5,619.09,2023-11-29,West,3095.45
1378,Frank,Mouse,Electronics,3,642.47,2023-09-03,East,1927.41
1379,Bob,Monitor,Electronics,4,666.08,2023-05-10,North,2664.32
1380,Charlie,Laptop,Electronics,2,304.03,2023-11-11,West,608.06
1381,Frank,Tablet,Electronics,9,64.36,2023-10-10,East,579.24
1382,Bob,Mouse,Electronics,3,966.76,2023-03-20,East,2900.28
1383,Frank,Smartphone,Electronics,2,288.35,2023-03-13,East,576.7
1384,Bob,Mouse,Electronics,9,692.22,2023-09-20,South,6229.98
1385,Charlie,Laptop,Accessories,7,721.3,2023-07-10,North,5049.1
1386,Bob,Tablet,Electronics,6,629.51,2023-03-04,East,3777.06
1387,Bob,Smartphone,Electronics,1,347.26,2023-01-12,South,347.26
1388,Bob,Laptop,Accessories,5,307.54,2023-05-21,West,1537.7
1389,Alice,Mouse,Electronics,3,617.78,2023-09-11,East,1853.34
1390,Alice,Laptop,Electronics,1,872.79,2023-02-12,South,872.79
1391,Alice,Tablet,Accessories,4,949.4,2023-01-17,East,3797.6
1392,Charlie,Keyboard,Electronics,2,150.61,2023-03-04,North,301.22
1393,Frank,Laptop,Electronics,2,197.09,2023-09-10,North,394.18
1394,Eve,Laptop,Electronics,3,947.5,2023-10-19,West,2842.5
1395,Bob,Mouse,Accessories,8,749.71,2023-01-08,East,5997.68
1396,Bob,Mouse,Electronics,8,888.84,2023-11-21,South,7110.72
1397,Charlie,Smartphone,Electronics,7,242.5,2023-03-31,West,1697.5
1398,Bob,Mouse,Accessories,6,608.21,2023-07-27,East,3649.26
1399,Alice,Monitor,Electronics,9,716.08,2023-10-19,West,6444.72
1400,Eve,Tablet,Accessories,4,696.11,2023-10-11,South,2784.44
1401,Diana,Tablet,Accessories,1,437.74,2023-04-28,West,437.74
1402,Bob,Keyboard,Electronics,8,64.63,2023-12-15,West,517.04
1403,Alice,Keyboard,Accessories,7,603.78,2023-06-24,West,4226.46
1404,Diana,Tablet,Accessories,7,290.45,2023-03-17,East,2033.15
1405,Eve,Keyboard,Electronics,3,477.74,2023-04-11,South,1433.22
1406,Diana,Smartphone,Accessories,4,959.7,2023-05-31,North,3838.8
1407,Alice,Mouse,Accessories,9,429.08,2023-09-27,East,3861.72
1408,Frank,Tablet,Electronics,6,847.81,2023-03-12,North,5086.86
1409,Frank,Keyboard,Electronics,5,229.11,2023-06-29,North,1145.55
1410,Diana,Tablet,Electronics,3,688.84,2023-05-04,East,2066.52
1411,Charlie,Monitor,Accessories,9,978.16,2023-10-20,East,8803.44
1412,Diana,Laptop,Electronics,5,146.8,2023-10-12,South,734.0
1413,Bob,Mouse,Accessories,5,57.9,2023-07-14,South,289.5
1414,Bob,Tablet,Accessories,4,461.9,2023-08-16,West,1847.6
1415,Frank,Laptop,Accessories,4,137.99,2023-10-02,North,551.96
1416,Charlie,Keyboard,Accessories,1,760.97,2023-04-16,South,760.97
1417,Alice,Laptop,Accessories,7,918.82,2023-01-21,West,6431.74
1418,Bob,Mouse,Accessories,9,462.32,2023-03-05,South,4160.88
1419,Frank,Tablet,Accessories,3,295.78,2023-06-14,East,887.34
1420,Eve,Monitor,Electronics,2,462.68,2023-01-27,South,925.36
1421,Frank,Keyboard,Electronics,3,737.28,2023-11-07,North,2211.84
1422,Bob,Tablet,Accessories,1,58.6,2023-10-12,South,58.6
1423,Bob,Mouse,Accessories,6,609.98,2023-05-28,North,3659.88
1424,Frank,Keyboard,Electronics,7,632.63,2023-10-08,East,4428.41
1425,Alice,Smartphone,Accessories,2,655.8,2023-11-22,North,1311.6
1426,Diana,Laptop,Electronics,8,279.92,2023-11-15,South,2239.36
1427,Bob,Mouse,Electronics,6,728.35,2023-06-13,West,4370.1
1428,Frank,Smartphone,Electronics,4,136.82,2023-08-12,East,547.28
1429,Frank,Tablet,Accessories,5,239.31,2023-09-29,South,1196.55
1430,Charlie,Monitor,Accessories,8,883.6,2023-05-26,East,7068.8
1431,Diana,Keyboard,Electronics,3,751.79,2023-12-22,East,2255.37
1432,Eve,Laptop,Electronics,3,63.06,2023-01-30,South,189.18
1433,Alice,Keyboard,Electronics,4,285.96,2023-02-14,South,1143.84
1434,Eve,Tablet,Electronics,1,253.69,2023-10-02,West,253.69
1435,Diana,Keyboard,Electronics,9,307.27,2023-02-03,East,2765.43
1436,Diana,Laptop,Accessories,8,285.18,2023-05-21,East,2281.44
1437,Diana,Tablet,Electronics,8,109.4,2023-11-14,South,875.2
1438,Eve,Keyboard,Accessories,6,485.99,2023-08-09,North,2915.94
1439,Diana,Monitor,Electronics,7,746.1,2023-12-22,South,5222.7
1440,Frank,Mouse,Accessories,6,626.4,2023-01-22,East,3758.4
1441,Eve,Tablet,Accessories,9,689.23,2023-06-29,South,6203.07
1442,Diana,Mouse,Accessories,3,127.09,2023-11-25,West,381.27
1443,Frank,Tablet,Accessories,3,953.92,2023-08-19,North,2861.76
1444,Charlie,Monitor,Accessories,3,846.57,2023-02-07,South,2539.71
1445,Diana,Mouse,Accessories,3,814.84,2023-03-11,West,2444.52
1446,Eve,Smartphone,Electronics,9,831.83,2023-04-26,East,7486.47
1447,Bob,Laptop,Accessories,4,936.07,2023-08-27,South,3744.28
1448,Diana,Smartphone,Electronics,7,567.04,2023-12-01,East,3969.28
1449,Bob,Keyboard,Accessories,9,240.27,2023-05-28,West,2162.43
1450,Frank,Monitor,Accessories,7,635.94,2023-01-09,East,4451.58
1451,Charlie,Smartphone,Electronics,9,755.74,2023-10-15,West,6801.66
1452,Alice,Tablet,Accessories,3,751.02,2023-02-19,West,2253.06
1453,Charlie,Keyboard,Electronics,4,545.38,2023-12-04,West,2181.52
1454,Diana,Keyboard,Electronics,8,115.04,2023-01-05,South,920.32
1455,Bob,Smartphone,Electronics,6,402.56,2023-12-09,East,2415.36
1456,Bob,Smartphone,Electronics,5,924.73,2023-05-06,East,4623.65
1457,Eve,Monitor,Accessories,4,605.23,2023-03-16,North,2420.92
1458,Bob,Laptop,Accessories,8,561.42,2023-06-14,North,4491.36
1459,Eve,Smartphone,Electronics,1,305.41,2023-10-05,North,305.41
1460,Frank,Smartphone,Accessories,9,400.03,2023-11-20,North,3600.27
1461,Alice,Mouse,Accessories,1,900.58,2023-10-27,East,900.58
1462,Diana,Tablet,Electronics,8,683.14,2023-10-17,West,5465.12
1463,Eve,Mouse,Accessories,4,798.02,2023-03-18,West,3192.08
1464,Alice,Mouse,Electronics,9,481.63,2023-10-25,South,4334.67
1465,Bob,Keyboard,Electronics,5,648.73,2023-05-17,West,3243.65
1466,Bob,Laptop,Accessories,3,285.96,2023-04-16,East,857.88
1467,Alice,Tablet,Accessories,9,720.19,2023-04-05,East,6481.71
1468,Bob,Monitor,Accessories,9,456.22,2023-05-15,East,4105.98
1469,Frank,Monitor,Electronics,4,470.42,2023-03-09,South,1881.68
1470,Frank,Smartphone,Electronics,4,666.86,2023-05-27,North,2667.44
1471,Alice,Smartphone,Accessories,8,939.47,2023-06-08,West,7515.76
1472,Eve,Monitor,Accessories,2,110.81,2023-06-12,East,221.62
1473,Eve,Smartphone,Accessories,9,833.51,2023-12-07,East,7501.59
1474,Alice,Laptop,Accessories,6,327.76,2023-07-08,North,1966.56
1475,Eve,Mouse,Electronics,9,471.72,2023-12-05,East,4245.48
1476,Eve,Smartphone,Accessories,8,70.82,2023-04-05,West,566.56
1477,Frank,Keyboard,Electronics,7,335.99,2023-06-30,South,2351.93
1478,Eve,Smartphone,Electronics,1,527.5,2023-10-15,East,527.5
1479,Charlie,Tablet,Accessories,3,103.37,2023-11-18,West,310.11
1480,Diana,Laptop,Accessories,2,516.54,2023-07-06,East,1033.08
1481,Bob,Tablet,Accessories,5,930.76,2023-05-18,North,4653.8
1482,Charlie,Tablet,Electronics,5,150.12,2023-05-10,East,750.6
1483,Eve,Keyboard,Accessories,5,776.22,2023-07-13,East,3881.1
1484,Frank,Laptop,Accessories,4,439.19,2023-11-12,South,1756.76
1485,Alice,Laptop,Electronics,5,672.42,2023-09-30,North,3362.1
1486,Eve,Laptop,Accessories,3,297.22,2023-12-18,North,891.66
1487,Frank,Laptop,Electronics,1,201.52,2023-05-24,South,201.52
1488,Diana,Laptop,Accessories,5,202.44,2023-01-16,East,1012.2
1489,Eve,Keyboard,Electronics,9,116.97,2023-10-29,West,1052.73
1490,Alice,Smartphone,Accessories,9,226.36,2023-09-02,North,2037.24
1491,Frank,Tablet,Accessories,4,681.01,2023-04-17,North,2724.04
1492,Frank,Laptop,Electronics,3,887.61,2023-03-29,East,2662.83
1493,Frank,Smartphone,Electronics,1,823.42,2023-05-09,East,823.42
1494,Diana,Smartphone,Accessories,2,700.88,2023-12-07,North,1401.76
1495,Eve,Tablet,Electronics,8,154.91,2023-01-04,East,1239.28
1496,Diana,Keyboard,Electronics,1,324.73,2023-11-23,West,324.73
1497,Bob,Monitor,Electronics,8,344.32,2023-11-02,North,2754.56
1498,Bob,Monitor,Electronics,7,287.46,2023-04-05,West,2012.22
1499,Eve,Smartphone,Accessories,8,539.26,2023-07-28,West,4314.08
1500,Diana,Mouse,Accessories,6,558.78,2023-08-13,East,3352.68
1501,Alice,Mouse,Electronics,9,389.04,2023-12-14,West,3501.36
1502,Frank,Tablet,Electronics,3,386.1,2023-11-17,East,1158.3
1503,Frank,Monitor,Electronics,4,837.13,2023-02-16,South,3348.52
1504,Eve,Smartphone,Electronics,6,799.83,2023-06-30,East,4798.98
1505,Bob,Keyboard,Accessories,8,342.41,2023-04-16,West,2739.28
1506,Bob,Monitor,Accessories,5,918.1,2023-07-18,South,4590.5
1507,Frank,Smartphone,Electronics,3,955.17,2023-04-16,East,2865.51
1508,Eve,Smartphone,Electronics,6,360.41,2023-10-07,West,2162.46
1509,Diana,Laptop,Electronics,4,386.7,2023-09-17,North,1546.8
1510,Bob,Keyboard,Accessories,9,530.35,2023-04-18,North,4773.15
1511,Diana,Laptop,Electronics,3,944.06,2023-01-19,East,2832.18
1512,Bob,Tablet,Accessories,4,882.5,2023-10-23,East,3530.0
1513,Bob,Laptop,Electronics,7,147.44,2023-11-02,North,1032.08
1514,Charlie,Laptop,Accessories,7,423.09,2023-06-20,West,2961.63
1515,Bob,Monitor,Electronics,4,575.7,2023-11-27,West,2302.8
1516,Alice,Mouse,Accessories,6,527.98,2023-07-14,West,3167.88
1517,Eve,Smartphone,Electronics,3,234.17,2023-01-12,East,702.51
1518,Eve,Keyboard,Electronics,6,865.88,2023-07-14,South,5195.28
1519,Diana,Laptop,Electronics,2,693.09,2023-10-10,South,1386.18
1520,Bob,Keyboard,Accessories,8,846.01,2023-07-01,South,6768.08
1521,Alice,Mouse,Electronics,2,865.83,2023-11-01,South,1731.66
1522,Diana,Mouse,Accessories,7,760.94,2023-05-24,South,5326.58
1523,Charlie,Laptop,Accessories,9,467.25,2023-11-12,East,4205.25
1524,Diana,Tablet,Electronics,1,630.02,2023-07-01,East,630.02
1525,Diana,Laptop,Electronics,8,202.35,2023-01-30,South,1618.8
1526,Bob,Monitor,Electronics,7,689.96,2023-03-25,East,4829.72
1527,Charlie,Smartphone,Accessories,6,220.29,2023-06-15,East,1321.74
1528,Diana,Tablet,Electronics,6,709.25,2023-10-11,South,4255.5
1529,Alice,Laptop,Accessories,6,268.12,2023-10-08,West,1608.72
1530,Alice,Keyboard,Accessories,9,161.67,2023-04-06,East,1455.03
1531,Eve,Tablet,Electronics,2,207.02,2023-09-23,West,414.04
1532,Charlie,Tablet,Electronics,1,51.89,2023-10-25,East,51.89
1533,Charlie,Laptop,Electronics,6,732.8,2023-10-23,East,4396.8
1534,Eve,Tablet,Electronics,8,745.78,2023-08-13,South,5966.24
1535,Diana,Keyboard,Electronics,3,539.19,2023-11-29,East,1617.57
1536,Charlie,Mouse,Electronics,1,203.29,2023-12-27,North,203.29
1537,Alice,Tablet,Accessories,9,129.38,2023-02-11,North,1164.42
1538,Alice,Mouse,Accessories,1,68.17,2023-10-30,South,68.17
1539,Bob,Keyboard,Accessories,3,207.46,2023-09-03,West,622.38
1540,Charlie,Laptop,Electronics,8,896.31,2023-07-27,West,7170.48
1541,Diana,Smartphone,Accessories,3,279.46,2023-08-25,West,838.38
1542,Eve,Tablet,Accessories,4,386.56,2023-01-22,North,1546.24
1543,Eve,Smartphone,Accessories,8,150.08,2023-07-04,West,1200.64
1544,Diana,Keyboard,Accessories,1,261.24,2023-08-30,West,261.24
1545,Frank,Tablet,Accessories,6,543.26,2023-12-29,South,3259.56
1546,Bob,Mouse,Electronics,1,627.37,2023-10-10,West,627.37
1547,Eve,Monitor,Electronics,1,283.08,2023-02-10,North,283.08
1548,Charlie,Smartphone,Accessories,8,104.85,2023-12-02,North,838.8
1549,Bob,Tablet,Accessories,4,421.48,2023-06-11,North,1685.92
1550,Charlie,Smartphone,Accessories,1,272.49,2023-06-09,South,272.49
1551,Alice,Tablet,Electronics,7,258.58,2023-03-30,South,1810.06
1552,Bob,Laptop,Electronics,5,961.87,2023-11-18,East,4809.35
1553,Eve,Mouse,Accessories,5,635.49,2023-01-12,West,3177.45
1554,Bob,Smartphone,Electronics,1,579.03,2023-03-14,South,579.03
1555,Bob,Monitor,Electronics,6,444.99,2023-03-17,North,2669.94
1556,Bob,Monitor,Accessories,9,457.5,2023-12-12,North,4117.5
1557,Frank,Keyboard,Electronics,9,563.86,2023-07-20,South,5074.74
1558,Bob,Tablet,Electronics,8,711.61,2023-01-10,South,5692.88
1559,Charlie,Smartphone,Accessories,5,717.04,2023-12-18,South,3585.2
1560,Alice,Keyboard,Electronics,1,213.11,2023-08-14,East,213.11
1561,Diana,Smartphone,Electronics,9,525.11,2023-06-25,North,4725.99
1562,Bob,Tablet,Accessories,1,441.36,2023-10-03,East,441.36
1563,Eve,Monitor,Electronics,8,877.0,2023-02-08,East,7016.0
1564,Bob,Laptop,Electronics,5,649.85,2023-03-01,West,3249.25
1565,Eve,Monitor,Accessories,3,555.88,2023-03-07,North,1667.64
1566,Charlie,Keyboard,Accessories,7,159.62,2023-11-17,North,1117.34
1567,Eve,Mouse,Accessories,7,625.36,2023-05-04,South,4377.52
1568,Diana,Laptop,Electronics,9,161.34,2023-06-13,South,1452.06
1569,Alice,Keyboard,Accessories,7,370.35,2023-06-08,West,2592.45
1570,Eve,Tablet,Electronics,3,185.7,2023-02-26,East,557.1
1571,Eve,Laptop,Accessories,1,707.47,2023-03-19,South,707.47
1572,Alice,Keyboard,Electronics,8,245.94,2023-07-13,South,1967.52
1573,Diana,Tablet,Accessories,3,422.27,2023-10-12,North,1266.81
1574,Bob,Monitor,Accessories,8,900.89,2023-01-15,North,7207.12
1575,Eve,Mouse,Accessories,8,244.1,2023-01-12,South,1952.8
1576,Alice,Tablet,Accessories,5,532.41,2023-04-11,North,2662.05
1577,Charlie,Smartphone,Electronics,1,448.31,2023-06-05,West,448.31
1578,Alice,Tablet,Accessories,7,67.22,2023-12-06,South,470.54
1579,Charlie,Tablet,Accessories,5,803.12,2023-05-05,North,4015.6
1580,Diana,Mouse,Electronics,8,115.59,2023-12-25,West,924.72
1581,Bob,Smartphone,Accessories,9,500.54,2023-10-07,North,4504.86
1582,Alice,Keyboard,Electronics,7,582.64,2023-04-20,North,4078.48
1583,Frank,Keyboard,Accessories,7,647.01,2023-11-30,North,4529.07
1584,Eve,Tablet,Accessories,1,704.2,2023-12-23,South,704.2
1585,Diana,Smartphone,Accessories,4,290.61,2023-05-26,East,1162.44
1586,Alice,Smartphone,Electronics,2,59.48,2023-08-04,North,118.96
1587,Eve,Mouse,Accessories,2,737.27,2023-06-11,West,1474.54
1588,Alice,Monitor,Accessories,2,558.87,2023-05-08,South,1117.74
1589,Charlie,Keyboard,Accessories,4,844.31,2023-11-10,South,3377.24
1590,Alice,Mouse,Electronics,1,830.32,2023-11-28,West,830.32
1591,Frank,Laptop,Electronics,4,851.16,2023-05-30,North,3404.64
1592,Alice,Keyboard,Accessories,2,510.84,2023-02-05,East,1021.68
1593,Alice,Mouse,Electronics,5,366.95,2023-06-22,North,1834.75
1594,Frank,Keyboard,Accessories,3,801.98,2023-01-22,West,2405.94
1595,Diana,Monitor,Accessories,8,478.73,2023-07-25,South,3829.84
1596,Alice,Laptop,Accessories,4,224.27,2023-05-07,East,897.08
1597,Frank,Monitor,Accessories,1,862.23,2023-12-02,South,862.23
1598,Eve,Laptop,Accessories,1,888.43,2023-12-22,West,888.43
1599,Charlie,Tablet,Accessories,3,492.99,2023-08-05,North,1478.97
1600,Charlie,Mouse,Accessories,9,121.91,2023-04-06,East,1097.19
1601,Alice,Laptop,Electronics,7,418.43,2023-06-13,South,2929.01
1602,Diana,Monitor,Electronics,2,813.36,2023-05-28,South,1626.72
1603,Diana,Keyboard,Electronics,9,906.69,2023-01-18,South,8160.21
1604,Eve,Laptop,Electronics,2,243.3,2023-10-21,North,486.6
1605,Alice,Mouse,Electronics,3,113.62,2023-07-14,East,340.86
1606,Charlie,Laptop,Electronics,2,883.48,2023-05-31,North,1766.96
1607,Diana,Smartphone,Electronics,3,419.93,2023-12-31,North,1259.79
1608,Alice,Keyboard,Accessories,6,564.67,2023-05-03,North,3388.02
1609,Diana,Mouse,Accessories,9,969.66,2023-07-06,West,8726.94
1610,Frank,Mouse,Accessories,9,113.24,2023-05-29,West,1019.16
1611,Diana,Tablet,Accessories,7,665.9,2023-04-14,West,4661.3
1612,Charlie,Monitor,Electronics,3,120.4,2023-08-31,East,361.2
1613,Bob,Tablet,Electronics,4,406.7,2023-08-19,North,1626.8
1614,Eve,Mouse,Accessories,6,813.62,2023-07-25,North,4881.72
1615,Eve,Keyboard,Accessories,5,461.8,2023-07-17,West,2309.0
1616,Charlie,Laptop,Electronics,2,997.32,2023-12-03,North,1994.64
1617,Diana,Laptop,Accessories,6,581.11,2023-03-28,North,3486.66
1618,Alice,Keyboard,Accessories,3,355.1,2023-05-22,South,1065.3
1619,Diana,Mouse,Accessories,8,259.11,2023-11-13,North,2072.88
1620,Charlie,Laptop,Accessories,2,382.99,2023-07-18,South,765.98
1621,Eve,Laptop,Electronics,1,403.91,2023-02-15,North,403.91
1622,Diana,Laptop,Accessories,9,115.28,2023-10-15,East,1037.52
1623,Eve,Monitor,Accessories,3,401.1,2023-01-15,West,1203.3
1624,Alice,Monitor,Electronics,1,491.03,2023-02-13,South,491.03
1625,Eve,Smartphone,Electronics,7,736.6,2023-06-18,West,5156.2
1626,Eve,Tablet,Accessories,5,673.89,2023-11-06,South,3369.45
1627,Bob,Keyboard,Electronics,5,723.33,2023-02-13,South,3616.65
1628,Bob,Keyboard,Accessories,1,57.95,2023-04-08,South,57.95
1629,Frank,Keyboard,Accessories,9,256.78,2023-09-18,East,2311.02
1630,Bob,Smartphone,Electronics,7,678.6,2023-04-19,North,4750.2
1631,Eve,Monitor,Accessories,8,509.79,2023-10-10,South,4078.32
1632,Charlie,Mouse,Accessories,9,55.05,2023-12-09,East,495.45
1633,Eve,Mouse,Accessories,6,814.27,2023-04-14,South,4885.62
1634,Charlie,Smartphone,Accessories,5,784.17,2023-09-13,North,3920.85
1635,Charlie,Mouse,Electronics,6,571.0,2023-07-25,South,3426.0
1636,Bob,Keyboard,Electronics,2,113.14,2023-12-01,East,226.28
1637,Diana,Tablet,Accessories,4,778.19,2023-02-12,North,3112.76
1638,Alice,Laptop,Electronics,3,604.53,2023-12-19,East,1813.59
1639,Bob,Monitor,Accessories,7,792.86,2023-09-02,North,5550.02
1640,Bob,Monitor,Accessories,9,764.16,2023-10-14,North,6877.44
1641,Diana,Smartphone,Accessories,5,812.85,2023-12-21,West,4064.25
1642,Alice,Monitor,Accessories,6,542.11,2023-09-30,West,3252.66
1643,Eve,Keyboard,Accessories,2,183.31,2023-03-24,West,366.62
1644,Frank,Mouse,Electronics,3,687.6,2023-04-20,North,2062.8
1645,Frank,Keyboard,Accessories,3,639.45,2023-07-09,South,1918.35
1646,Eve,Smartphone,Electronics,9,755.14,2023-10-15,East,6796.26
1647,Bob,Keyboard,Electronics,7,211.39,2023-09-08,East,1479.73
1648,Alice,Mouse,Accessories,8,235.23,2023-07-31,East,1881.84
1649,Bob,Tablet,Accessories,9,895.89,2023-10-18,West,8063.01
1650,Charlie,Smartphone,Accessories,6,762.48,2023-05-13,North,4574.88
1651,Bob,Tablet,Accessories,4,912.82,2023-07-20,West,3651.28
1652,Bob,Laptop,Accessories,1,770.78,2023-10-12,South,770.78
1653,Eve,Tablet,Electronics,8,617.3,2023-11-22,North,4938.4
1654,Eve,Laptop,Accessories,7,671.43,2023-04-05,East,4700.01
1655,Eve,Laptop,Accessories,2,894.67,2023-10-05,West,1789.34
1656,Frank,Tablet,Electronics,8,599.87,2023-11-21,West,4798.96
1657,Charlie,Smartphone,Electronics,5,650.77,2023-08-07,South,3253.85
1658,Eve,Mouse,Accessories,7,198.65,2023-03-30,South,1390.55
1659,Alice,Keyboard,Electronics,4,500.23,2023-03-13,West,2000.92
1660,Frank,Keyboard,Accessories,5,730.58,2023-09-04,South,3652.9
1661,Diana,Mouse,Electronics,8,307.4,2023-05-09,East,2459.2
1662,Alice,Laptop,Electronics,1,242.14,2023-07-31,South,242.14
1663,Alice,Laptop,Accessories,1,348.14,2023-12-09,South,348.14
1664,Eve,Smartphone,Electronics,4,279.43,2023-04-06,West,1117.72
1665,Diana,Monitor,Electronics,3,254.17,2023-03-16,West,762.51
1666,Diana,Tablet,Electronics,2,453.61,2023-02-23,North,907.22
1667,Frank,Laptop,Electronics,3,912.45,2023-12-10,North,2737.35
1668,Diana,Keyboard,Electronics,1,531.71,2023-02-23,West,531.71
1669,Charlie,Smartphone,Electronics,1,228.52,2023-08-06,South,228.52
1670,Eve,Tablet,Accessories,6,123.12,2023-01-16,South,738.72
1671,Diana,Smartphone,Accessories,5,711.35,2023-04-09,North,3556.75
1672,Frank,Tablet,Electronics,8,413.66,2023-01-20,North,3309.28
1673,Charlie,Tablet,Accessories,2,830.74,2023-02-15,North,1661.48
1674,Bob,Mouse,Accessories,4,676.54,2023-07-12,East,2706.16
1675,Bob,Laptop,Accessories,8,806.43,2023-02-27,East,6451.44
1676,Charlie,Smartphone,Electronics,6,308.35,2023-04-21,North,1850.1
1677,Frank,Smartphone,Accessories,1,707.74,2023-05-09,South,707.74
1678,Charlie,Mouse,Electronics,4,300.86,2023-12-03,North,1203.44
1679,Eve,Keyboard,Accessories,1,942.12,2023-07-13,East,942.12
1680,Eve,Keyboard,Electronics,2,654.56,2023-12-06,South,1309.12
1681,Bob,Laptop,Electronics,5,358.29,2023-11-22,East,1791.45
1682,Diana,Laptop,Accessories,8,306.04,2023-01-08,South,2448.32
1683,Frank,Monitor,Accessories,8,231.38,2023-01-29,East,1851.04
1684,Bob,Mouse,Electronics,3,709.91,2023-04-22,South,2129.73
1685,Diana,Keyboard,Accessories,4,257.78,2023-06-10,South,1031.12
1686,Diana,Tablet,Accessories,6,615.54,2023-05-11,South,3693.24
1687,Eve,Smartphone,Accessories,3,301.4,2023-07-07,South,904.2
1688,Alice,Laptop,Electronics,2,678.87,2023-06-12,West,1357.74
1689,Alice,Smartphone,Electronics,6,824.19,2023-07-16,East,4945.14
1690,Charlie,Smartphone,Accessories,5,789.12,2023-12-30,East,3945.6
1691,Eve,Monitor,Accessories,5,772.81,2023-07-23,West,3864.05
1692,Diana,Keyboard,Accessories,5,228.34,2023-07-31,South,1141.7
1693,Frank,Laptop,Electronics,5,133.97,2023-04-19,South,669.85
1694,Alice,Smartphone,Electronics,3,714.0,2023-10-03,East,2142.0
1695,Diana,Laptop,Accessories,7,399.93,2023-03-14,West,2799.51
1696,Alice,Tablet,Accessories,6,460.73,2023-06-16,South,2764.38
1697,Alice,Monitor,Accessories,4,79.59,2023-09-17,South,318.36
1698,Alice,Tablet,Accessories,2,296.6,2023-08-31,South,593.2
1699,Frank,Laptop,Accessories,9,81.99,2023-10-02,North,737.91
1700,Eve,Laptop,Accessories,1,885.23,2023-04-12,West,885.23
1701,Frank,Keyboard,Electronics,4,281.23,2023-06-22,South,1124.92
1702,Bob,Smartphone,Accessories,1,579.47,2023-06-20,North,579.47
1703,Diana,Smartphone,Electronics,6,87.03,2023-05-21,West,522.18
1704,Eve,Tablet,Accessories,4,683.51,2023-07-07,South,2734.04
1705,Eve,Monitor,Accessories,5,356.88,2023-03-27,East,1784.4
1706,Eve,Mouse,Electronics,5,903.02,2023-02-21,North,4515.1
1707,Eve,Smartphone,Electronics,9,893.71,2023-04-21,North,8043.39
1708,Frank,Keyboard,Electronics,1,359.03,2023-12-31,South,359.03
1709,Eve,Tablet,Electronics,2,905.91,2023-12-08,South,1811.82
1710,Charlie,Tablet,Accessories,6,996.35,2023-02-12,North,5978.1
1711,Diana,Mouse,Electronics,5,834.14,2023-07-30,East,4170.7
1712,Eve,Keyboard,Accessories,7,852.63,2023-07-19,East,5968.41
1713,Diana,Monitor,Electronics,3,286.56,2023-10-25,West,859.68
1714,Charlie,Keyboard,Accessories,3,597.87,2023-12-12,South,1793.61
1715,Charlie,Monitor,Accessories,2,113.89,2023-08-28,East,227.78
1716,Diana,Keyboard,Accessories,3,140.17,2023-04-25,West,420.51
1717,Alice,Keyboard,Accessories,1,998.95,2023-01-26,East,998.95
1718,Bob,Laptop,Accessories,5,360.31,2023-10-26,South,1801.55
1719,Alice,Tablet,Accessories,5,760.77,2023-03-18,West,3803.85
1720,Alice,Keyboard,Electronics,7,816.33,2023-05-17,West,5714.31
1721,Frank,Mouse,Accessories,4,865.12,2023-01-20,West,3460.48
1722,Alice,Keyboard,Electronics,3,997.75,2023-07-30,East,2993.25
1723,Eve,Smartphone,Electronics,1,279.42,2023-08-28,South,279.42
1724,Frank,Tablet,Accessories,8,88.33,2023-02-08,West,706.64
1725,Frank,Smartphone,Electronics,3,440.63,2023-09-25,North,1321.89
1726,Charlie,Tablet,Accessories,2,173.58,2023-07-26,South,347.16
1727,Alice,Smartphone,Electronics,4,71.3,2023-09-24,North,285.2
1728,Charlie,Keyboard,Accessories,3,392.41,2023-06-03,North,1177.23
1729,Diana,Keyboard,Electronics,1,794.55,2023-02-11,West,794.55
1730,Bob,Laptop,Accessories,3,587.87,2023-01-11,West,1763.61
1731,Frank,Mouse,Accessories,2,347.14,2023-10-21,East,694.28
1732,Diana,Smartphone,Accessories,8,671.62,2023-04-08,East,5372.96
1733,Diana,Monitor,Accessories,6,270.42,2023-10-02,East,1622.52
1734,Eve,Laptop,Electronics,9,63.66,2023-08-18,South,572.94
1735,Bob,Smartphone,Accessories,8,776.14,2023-08-08,East,6209.12
1736,Diana,Smartphone,Electronics,3,642.56,2023-03-06,North,1927.68
1737,Diana,Laptop,Electronics,5,774.19,2023-12-21,East,3870.95
1738,Bob,Keyboard,Electronics,7,86.99,2023-08-20,West,608.93
1739,Bob,Smartphone,Accessories,5,845.26,2023-11-24,East,4226.3
1740,Diana,Keyboard,Electronics,8,638.55,2023-02-21,South,5108.4
1741,Bob,Laptop,Electronics,5,585.23,2023-09-20,South,2926.15
1742,Diana,Keyboard,Electronics,1,643.38,2023-09-24,North,643.38
1743,Diana,Tablet,Accessories,5,871.21,2023-12-25,South,4356.05
1744,Eve,Monitor,Accessories,4,607.59,2023-11-13,East,2430.36
1745,Alice,Smartphone,Electronics,6,601.9,2023-11-20,West,3611.4
1746,Diana,Mouse,Accessories,3,991.15,2023-06-03,South,2973.45
1747,Charlie,Monitor,Accessories,5,768.89,2023-12-24,North,3844.45
1748,Frank,Keyboard,Electronics,2,470.18,2023-05-20,East,940.36
1749,Alice,Smartphone,Electronics,6,722.03,2023-02-20,North,4332.18
1750,Alice,Keyboard,Accessories,6,419.77,2023-04-27,South,2518.62
1751,Alice,Tablet,Electronics,5,267.43,2023-02-15,South,1337.15
1752,Eve,Laptop,Accessories,6,617.01,2023-11-05,North,3702.06
1753,Diana,Smartphone,Accessories,7,931.77,2023-03-29,East,6522.39
1754,Eve,Tablet,Accessories,5,932.68,2023-07-27,South,4663.4
1755,Diana,Tablet,Accessories,1,374.81,2023-09-26,West,374.81
1756,Eve,Smartphone,Accessories,8,551.29,2023-03-30,South,4410.32
1757,Eve,Keyboard,Accessories,4,251.05,2023-04-28,East,1004.2
1758,Frank,Mouse,Electronics,9,995.85,2023-02-23,South,8962.65
1759,Charlie,Tablet,Electronics,6,982.06,2023-04-26,North,5892.36
1760,Eve,Monitor,Accessories,1,667.03,2023-04-28,South,667.03
1761,Frank,Tablet,Accessories,3,814.19,2023-09-17,South,2442.57
1762,Bob,Mouse,Accessories,3,729.35,2023-03-16,East,2188.05
1763,Charlie,Keyboard,Electronics,4,613.5,2023-11-01,North,2454.0
1764,Eve,Keyboard,Accessories,6,100.68,2023-01-07,East,604.08
1765,Alice,Monitor,Electronics,7,482.03,2023-05-02,South,3374.21
1766,Bob,Tablet,Accessories,4,691.05,2023-01-11,West,2764.2
1767,Bob,Keyboard,Accessories,6,693.66,2023-12-14,South,4161.96
1768,Frank,Mouse,Electronics,1,404.47,2023-08-03,East,404.47
1769,Bob,Smartphone,Electronics,8,944.61,2023-10-06,West,7556.88
1770,Charlie,Laptop,Accessories,7,208.99,2023-01-28,East,1462.93
1771,Eve,Laptop,Accessories,9,525.34,2023-08-23,East,4728.06
1772,Eve,Laptop,Accessories,3,706.34,2023-11-09,North,2119.02
1773,Alice,Tablet,Electronics,2,712.28,2023-01-26,West,1424.56
1774,Frank,Monitor,Electronics,1,666.21,2023-02-23,South,666.21
1775,Alice,Keyboard,Electronics,3,311.52,2023-01-29,East,934.56
1776,Bob,Smartphone,Electronics,5,198.4,2023-12-19,South,992.0
1777,Alice,Mouse,Electronics,2,654.14,2023-06-13,North,1308.28
1778,Charlie,Smartphone,Electronics,3,619.34,2023-09-27,North,1858.02
1779,Eve,Mouse,Accessories,4,220.39,2023-11-30,West,881.56
1780,Bob,Tablet,Accessories,7,719.88,2023-02-04,North,5039.16
1781,Alice,Laptop,Electronics,3,482.41,2023-10-13,North,1447.23
1782,Frank,Tablet,Accessories,9,684.37,2023-12-14,South,6159.33
1783,Charlie,Monitor,Accessories,8,845.5,2023-09-30,North,6764.0
1784,Charlie,Monitor,Electronics,4,211.24,2023-07-27,North,844.96
1785,Alice,Mouse,Accessories,1,68.19,2023-08-26,East,68.19
1786,Eve,Keyboard,Electronics,1,790.15,2023-04-03,North,790.15
1787,Alice,Keyboard,Electronics,1,629.21,2023-06-22,East,629.21
1788,Bob,Mouse,Accessories,1,714.66,2023-03-20,North,714.66
1789,Alice,Monitor,Electronics,8,846.25,2023-04-20,North,6770.0
1790,Charlie,Monitor,Electronics,3,812.67,2023-08-05,West,2438.01
1791,Alice,Monitor,Electronics,6,962.87,2023-12-24,West,5777.22
1792,Eve,Tablet,Electronics,3,559.14,2023-04-16,East,1677.42
1793,Frank,Monitor,Electronics,5,514.07,2023-02-16,North,2570.35
1794,Diana,Smartphone,Electronics,7,431.79,2023-06-30,South,3022.53
1795,Alice,Laptop,Electronics,2,196.01,2023-03-05,West,392.02
1796,Eve,Monitor,Electronics,6,593.98,2023-09-03,South,3563.88
1797,Eve,Mouse,Accessories,6,313.16,2023-09-01,West,1878.96
1798,Frank,Laptop,Accessories,3,925.24,2023-11-16,West,2775.72
1799,Charlie,Tablet,Accessories,6,604.03,2023-03-28,North,3624.18
1800,Eve,Mouse,Electronics,5,613.2,2023-08-05,West,3066.0
1801,Eve,Laptop,Electronics,2,387.18,2023-01-07,South,774.36
1802,Eve,Mouse,Accessories,9,99.39,2023-10-05,West,894.51
1803,Eve,Tablet,Accessories,8,80.16,2023-12-03,East,641.28
1804,Bob,Smartphone,Accessories,3,452.17,2023-07-29,North,1356.51
1805,Bob,Tablet,Electronics,8,130.34,2023-06-18,North,1042.72
1806,Charlie,Tablet,Accessories,9,626.5,2023-11-26,East,5638.5
1807,Alice,Mouse,Accessories,3,886.92,2023-05-18,East,2660.76
1808,Eve,Keyboard,Electronics,3,888.77,2023-11-02,East,2666.31
1809,Frank,Monitor,Accessories,2,676.09,2023-08-18,West,1352.18
1810,Alice,Monitor,Electronics,8,250.67,2023-11-04,North,2005.36
1811,Frank,Smartphone,Electronics,1,869.85,2023-06-10,East,869.85
1812,Alice,Smartphone,Electronics,8,891.79,2023-01-01,West,7134.32
1813,Charlie,Monitor,Accessories,7,236.82,2023-08-24,East,1657.74
1814,Eve,Keyboard,Accessories,7,750.55,2023-07-07,South,5253.85
1815,Eve,Monitor,Electronics,3,322.19,2023-01-04,South,966.57
1816,Diana,Keyboard,Accessories,1,812.51,2023-05-12,North,812.51
1817,Frank,Smartphone,Accessories,4,997.38,2023-08-06,West,3989.52
1818,Alice,Laptop,Accessories,9,78.52,2023-09-17,South,706.68
1819,Alice,Mouse,Accessories,5,902.5,2023-01-01,South,4512.5
1820,Bob,Smartphone,Electronics,1,641.5,2023-03-12,West,641.5
1821,Diana,Smartphone,Accessories,5,974.71,2023-06-27,East,4873.55
1822,Bob,Tablet,Electronics,8,491.76,2023-07-08,West,3934.08
1823,Bob,Tablet,Electronics,8,855.02,2023-10-18,East,6840.16
1824,Bob,Tablet,Accessories,5,109.27,2023-01-08,South,546.35
1825,Frank,Mouse,Electronics,9,368.52,2023-09-10,South,3316.68
1826,Frank,Tablet,Accessories,1,113.67,2023-10-19,South,113.67
1827,Charlie,Keyboard,Accessories,4,976.58,2023-09-01,North,3906.32
1828,Charlie,Monitor,Electronics,3,826.13,2023-05-03,North,2478.39
1829,Bob,Laptop,Electronics,2,859.92,2023-10-26,North,1719.84
1830,Diana,Smartphone,Electronics,8,941.07,2023-10-10,West,7528.56
1831,Alice,Keyboard,Electronics,7,130.85,2023-02-01,South,915.95
1832,Frank,Laptop,Accessories,9,416.32,2023-11-30,South,3746.88
1833,Diana,Keyboard,Accessories,2,117.48,2023-05-26,West,234.96
1834,Eve,Keyboard,Accessories,4,250.25,2023-06-05,North,1001.0
1835,Frank,Smartphone,Electronics,6,267.9,2023-01-16,West,1607.4
1836,Frank,Monitor,Electronics,3,495.65,2023-12-21,North,1486.95
1837,Charlie,Tablet,Electronics,8,305.13,2023-02-16,South,2441.04
1838,Alice,Mouse,Accessories,3,145.93,2023-09-08,East,437.79
1839,Alice,Monitor,Electronics,2,209.12,2023-07-06,North,418.24
1840,Eve,Mouse,Accessories,3,189.91,2023-01-31,South,569.73
1841,Eve,Smartphone,Electronics,6,974.42,2023-09-17,South,5846.52
1842,Frank,Smartphone,Accessories,2,771.33,2023-01-17,East,1542.66
1843,Bob,Smartphone,Accessories,8,969.37,2023-02-08,South,7754.96
1844,Charlie,Laptop,Electronics,1,467.75,2023-10-31,South,467.75
1845,Charlie,Mouse,Electronics,7,314.45,2023-02-08,North,2201.15
1846,Frank,Monitor,Accessories,2,808.38,2023-05-12,North,1616.76
1847,Diana,Monitor,Accessories,6,359.94,2023-01-30,East,2159.64
1848,Bob,Keyboard,Electronics,2,334.41,2023-06-07,East,668.82
1849,Frank,Keyboard,Electronics,2,270.88,2023-10-05,South,541.76
1850,Bob,Keyboard,Accessories,8,173.2,2023-07-22,North,1385.6
1851,Bob,Smartphone,Electronics,2,293.64,2023-03-07,East,587.28
1852,Bob,Monitor,Accessories,7,387.55,2023-04-18,East,2712.85
1853,Frank,Mouse,Accessories,3,690.29,2023-09-25,West,2070.87
1854,Charlie,Smartphone,Electronics,8,109.44,2023-08-10,East,875.52
1855,Charlie,Laptop,Electronics,7,249.98,2023-10-19,South,1749.86
1856,Bob,Keyboard,Electronics,8,818.57,2023-01-18,North,6548.56
1857,Diana,Smartphone,Electronics,7,189.58,2023-03-31,East,1327.06
1858,Alice,Smartphone,Electronics,6,375.51,2023-06-30,West,2253.06
1859,Frank,Laptop,Accessories,7,871.43,2023-09-12,North,6100.01
1860,Alice,Tablet,Accessories,5,197.18,2023-09-10,East,985.9
1861,Diana,Monitor,Electronics,7,128.6,2023-09-14,West,900.2
1862,Frank,Mouse,Electronics,1,510.31,2023-12-12,East,510.31
1863,Bob,Tablet,Electronics,1,337.3,2023-03-28,North,337.3
1864,Charlie,Keyboard,Accessories,9,585.24,2023-03-31,North,5267.16
1865,Alice,Smartphone,Electronics,5,813.61,2023-08-25,North,4068.05
1866,Eve,Laptop,Electronics,5,180.29,2023-03-11,South,901.45
1867,Eve,Laptop,Accessories,3,601.66,2023-02-13,East,1804.98
1868,Diana,Monitor,Accessories,5,530.23,2023-07-19,South,2651.15
1869,Bob,Tablet,Electronics,3,186.87,2023-06-01,North,560.61
1870,Alice,Monitor,Electronics,9,642.8,2023-03-27,West,5785.2
1871,Bob,Smartphone,Electronics,9,309.96,2023-01-19,East,2789.64
1872,Alice,Monitor,Accessories,6,513.44,2023-04-11,South,3080.64
1873,Diana,Mouse,Electronics,1,128.16,2023-04-05,East,128.16
1874,Diana,Laptop,Electronics,7,486.6,2023-09-11,West,3406.2
1875,Eve,Laptop,Electronics,7,341.14,2023-12-23,South,2387.98
1876,Bob,Keyboard,Accessories,4,831.26,2023-01-30,North,3325.04
1877,Frank,Keyboard,Accessories,8,104.13,2023-09-06,South,833.04
1878,Eve,Smartphone,Electronics,6,447.68,2023-02-02,East,2686.08
1879,Bob,Mouse,Electronics,4,485.51,2023-08-17,East,1942.04
1880,Eve,Tablet,Accessories,4,738.76,2023-01-12,East,2955.04
1881,Frank,Monitor,Accessories,2,595.57,2023-04-28,East,1191.14
1882,Charlie,Smartphone,Accessories,2,683.85,2023-12-16,North,1367.7
1883,Charlie,Keyboard,Accessories,4,788.2,2023-06-04,South,3152.8
1884,Charlie,Monitor,Accessories,5,869.09,2023-09-03,North,4345.45
1885,Charlie,Keyboard,Accessories,8,348.18,2023-11-28,North,2785.44
1886,Alice,Monitor,Accessories,6,561.12,2023-09-04,North,3366.72
1887,Charlie,Tablet,Accessories,4,848.1,2023-01-29,East,3392.4
1888,Frank,Smartphone,Accessories,7,989.98,2023-06-10,East,6929.86
1889,Diana,Monitor,Electronics,8,895.04,2023-08-23,East,7160.32
1890,Diana,Mouse,Electronics,2,402.89,2023-07-09,South,805.78
1891,Alice,Laptop,Electronics,7,235.41,2023-04-27,West,1647.87
1892,Charlie,Mouse,Accessories,2,514.92,2023-09-28,East,1029.84
1893,Charlie,Mouse,Electronics,2,754.56,2023-09-15,South,1509.12
1894,Charlie,Laptop,Accessories,8,517.94,2023-06-29,East,4143.52
1895,Eve,Mouse,Accessories,2,509.02,2023-06-21,East,1018.04
1896,Bob,Monitor,Electronics,9,846.32,2023-10-01,North,7616.88
1897,Eve,Monitor,Accessories,1,393.33,2023-09-16,North,393.33
1898,Bob,Monitor,Electronics,9,866.8,2023-05-15,North,7801.2
1899,Charlie,Laptop,Electronics,1,436.46,2023-06-20,South,436.46
1900,Charlie,Mouse,Electronics,2,361.82,2023-07-29,West,723.64
1901,Eve,Laptop,Accessories,6,481.29,2023-08-24,West,2887.74
1902,Eve,Monitor,Electronics,6,774.32,2023-07-05,South,4645.92
1903,Bob,Mouse,Accessories,1,169.7,2023-12-30,East,169.7
1904,Diana,Mouse,Electronics,7,236.6,2023-04-05,South,1656.2
1905,Bob,Keyboard,Electronics,8,953.87,2023-01-11,East,7630.96
1906,Eve,Keyboard,Electronics,2,216.72,2023-03-09,South,433.44
1907,Frank,Tablet,Accessories,8,589.34,2023-07-29,South,4714.72
1908,Eve,Smartphone,Accessories,9,600.35,2023-07-15,South,5403.15
1909,Frank,Keyboard,Accessories,6,515.14,2023-04-08,West,3090.84
1910,Alice,Laptop,Electronics,5,662.51,2023-04-03,North,3312.55
1911,Eve,Keyboard,Electronics,9,268.34,2023-01-22,South,2415.06
1912,Alice,Tablet,Accessories,9,575.03,2023-06-21,West,5175.27
1913,Diana,Mouse,Accessories,1,403.56,2023-05-14,North,403.56
1914,Bob,Tablet,Accessories,3,678.58,2023-01-25,North,2035.74
1915,Frank,Mouse,Accessories,9,184.16,2023-07-04,South,1657.44
1916,Bob,Mouse,Accessories,2,592.33,2023-03-26,East,1184.66
1917,Alice,Smartphone,Accessories,4,226.01,2023-02-24,East,904.04
1918,Frank,Keyboard,Electronics,4,314.71,2023-09-08,East,1258.84
1919,Bob,Laptop,Accessories,2,257.77,2023-05-24,South,515.54
1920,Eve,Laptop,Electronics,3,223.7,2023-12-17,East,671.1
1921,Charlie,Monitor,Electronics,3,834.43,2023-06-16,West,2503.29
1922,Alice,Mouse,Accessories,1,321.42,2023-08-12,West,321.42
1923,Bob,Laptop,Accessories,6,930.77,2023-08-08,West,5584.62
1924,Alice,Smartphone,Electronics,8,971.43,2023-06-28,West,7771.44
1925,Alice,Mouse,Accessories,3,592.7,2023-04-29,North,1778.1
1926,Frank,Smartphone,Accessories,5,185.85,2023-09-22,West,929.25
1927,Frank,Laptop,Electronics,1,405.82,2023-05-30,East,405.82
1928,Charlie,Laptop,Electronics,7,807.85,2023-08-03,South,5654.95
1929,Eve,Monitor,Electronics,1,399.02,2023-07-16,East,399.02
1930,Alice,Laptop,Accessories,9,132.67,2023-02-11,West,1194.03
1931,Bob,Mouse,Electronics,8,578.95,2023-02-22,North,4631.6
1932,Diana,Mouse,Accessories,7,852.86,2023-11-26,West,5970.02
1933,Alice,Mouse,Electronics,7,806.13,2023-09-08,South,5642.91
1934,Alice,Monitor,Electronics,5,216.37,2023-10-22,East,1081.85
1935,Charlie,Monitor,Electronics,5,689.13,2023-09-28,South,3445.65
1936,Eve,Laptop,Accessories,5,259.48,2023-05-03,South,1297.4
1937,Diana,Tablet,Accessories,1,257.3,2023-12-05,South,257.3
1938,Frank,Tablet,Electronics,8,880.37,2023-09-23,East,7042.96
1939,Frank,Monitor,Electronics,1,287.19,2023-12-14,West,287.19
1940,Bob,Laptop,Electronics,4,300.08,2023-01-29,South,1200.32
1941,Diana,Tablet,Accessories,9,50.62,2023-02-04,East,455.58
1942,Frank,Laptop,Electronics,9,877.14,2023-01-06,North,7894.26
1943,Bob,Laptop,Accessories,5,802.97,2023-04-21,East,4014.85
1944,Eve,Laptop,Electronics,4,645.96,2023-10-21,North,2583.84
1945,Bob,Keyboard,Electronics,3,762.75,2023-03-18,East,2288.25
1946,Frank,Mouse,Electronics,3,194.45,2023-12-15,West,583.35
1947,Charlie,Laptop,Electronics,5,485.41,2023-05-27,South,2427.05
1948,Charlie,Keyboard,Electronics,1,383.66,2023-03-08,West,383.66
1949,Charlie,Monitor,Electronics,5,139.09,2023-01-08,East,695.45
1950,Frank,Tablet,Accessories,6,511.82,2023-05-02,South,3070.92
1951,Charlie,Mouse,Electronics,7,924.7,2023-12-06,North,6472.9
1952,Diana,Tablet,Accessories,9,88.06,2023-06-24,East,792.54
1953,Eve,Mouse,Electronics,3,326.89,2023-06-28,South,980.67
1954,Bob,Tablet,Electronics,2,247.16,2023-03-26,North,494.32
1955,Bob,Mouse,Accessories,3,276.24,2023-02-14,North,828.72
1956,Frank,Tablet,Electronics,9,913.01,2023-05-16,West,8217.09
1957,Charlie,Tablet,Accessories,7,494.67,2023-12-09,East,3462.69
1958,Charlie,Tablet,Accessories,9,492.98,2023-01-16,North,4436.82
1959,Alice,Tablet,Electronics,2,772.55,2023-11-29,South,1545.1
1960,Eve,Monitor,Accessories,5,196.77,2023-07-14,North,983.85
1961,Diana,Laptop,Accessories,4,512.9,2023-01-09,North,2051.6
1962,Bob,Smartphone,Electronics,2,458.49,2023-11-12,West,916.98
1963,Alice,Keyboard,Accessories,9,617.07,2023-11-30,West,5553.63
1964,Alice,Smartphone,Electronics,9,999.58,2023-11-29,South,8996.22
1965,Frank,Smartphone,Electronics,6,780.98,2023-11-23,West,4685.88
1966,Bob,Mouse,Electronics,6,427.97,2023-01-15,North,2567.82
1967,Frank,Laptop,Electronics,8,836.18,2023-11-23,North,6689.44
1968,Diana,Mouse,Accessories,6,212.17,2023-04-12,West,1273.02
1969,Alice,Laptop,Electronics,1,78.94,2023-08-14,North,78.94
1970,Alice,Laptop,Electronics,4,244.23,2023-10-05,North,976.92
1971,Eve,Tablet,Accessories,7,373.39,2023-04-23,South,2613.73
1972,Diana,Monitor,Electronics,2,535.05,2023-01-01,West,1070.1
1973,Alice,Tablet,Electronics,9,634.37,2023-09-23,North,5709.33
1974,Diana,Monitor,Accessories,8,915.08,2023-07-27,West,7320.64
1975,Bob,Mouse,Accessories,8,534.36,2023-04-20,South,4274.88
1976,Charlie,Monitor,Accessories,7,526.21,2023-07-19,West,3683.47
1977,Alice,Mouse,Accessories,4,97.73,2023-11-02,North,390.92
1978,Eve,Smartphone,Accessories,2,83.17,2023-01-12,West,166.34
1979,Bob,Smartphone,Accessories,3,573.6,2023-12-11,North,1720.8
1980,Diana,Monitor,Accessories,6,466.27,2023-07-07,North,2797.62
1981,Frank,Monitor,Electronics,5,847.22,2023-06-03,North,4236.1
1982,Bob,Mouse,Accessories,8,202.65,2023-11-30,South,1621.2
1983,Alice,Tablet,Accessories,6,73.72,2023-10-06,West,442.32
1984,Diana,Mouse,Accessories,6,476.59,2023-06-20,South,2859.54
1985,Charlie,Tablet,Electronics,1,275.6,2023-05-14,West,275.6
1986,Bob,Smartphone,Electronics,4,97.13,2023-01-25,South,388.52
1987,Alice,Laptop,Accessories,5,738.37,2023-01-18,East,3691.85
1988,Eve,Monitor,Accessories,3,156.01,2023-07-09,North,468.03
1989,Frank,Tablet,Accessories,9,627.9,2023-05-21,North,5651.1
1990,Diana,Mouse,Electronics,1,317.0,2023-02-12,South,317.0
1991,Bob,Smartphone,Electronics,6,214.82,2023-11-30,East,1288.92
1992,Bob,Tablet,Accessories,6,410.76,2023-10-11,North,2464.56
1993,Charlie,Mouse,Electronics,5,811.37,2023-05-26,West,4056.85
1994,Charlie,Monitor,Accessories,5,422.49,2023-11-11,South,2112.45
1995,Eve,Monitor,Electronics,5,763.23,2023-11-15,North,3816.15
1996,Frank,Keyboard,Electronics,6,169.21,2023-04-02,North,1015.26
1997,Eve,Laptop,Accessories,8,784.13,2023-06-28,South,6273.04
1998,Alice,Keyboard,Accessories,2,275.09,2023-02-25,South,550.18
1999,Alice,Smartphone,Accessories,6,693.52,2023-06-04,West,4161.12
2000,Eve,Tablet,Accessories,1,587.49,2023-06-09,West,587.49
